url,main_category,tokens
http://www.moviesforguys.com/drama/reviews/thevillage.shtml,Arts,
http://us.imdb.com/title/tt0247586/,Arts,
http://www.geocities.com/ss4_aaron/mega.html,Arts,
http://www.crushedpaper.com/,Arts,
http://us.imdb.com/title/tt0276189/,Arts,
http://www.rollingstone.com/artists/tednugent,Arts,
http://www.hwsda.org/,Arts,
http://www.rachelperkinsillustration.com,Arts,
http://digitalinkstains.8m.com,Arts,
http://www.geocities.com/flyaway_disappear/,Arts,
http://members.tripod.com/~jungle_green/,Arts,
http://www.monroestreet.com/60102/am.html,Arts,
http://www.animetribe.com/,Arts,
http://www.findagrave.com/cgi-bin/fg.cgi?page=gr&amp;grid=7866,Arts,
http://l.webring.com/hub?ring=plutodementia&amp;index,Arts,
http://www.angelfire.com/ar/vbpercussion/,Arts,
http://www.tvguide.com/movies/say/127667,Arts,
http://www.movieweb.com/news/19/8619.php,Arts,
http://www.imdb.com/title/tt0897361/,Arts,
http://imdb.com/title/tt0120275/combined,Arts,
http://us.imdb.com/name/nm0154663/,Arts,
http://www.britishfantasysociety.org/,Arts,
http://www.radford.edu/~bluegrass/songlnk.html,Arts,
http://randomc.animeblogger.net/category/soukou-no-strain/,Arts,
http://epguides.com/malcolminthemiddle/,Arts,
http://floored_theband.tripod.com/,Arts,
http://apolloguide.com/mov_revtemp.asp?cid=2525,Arts,
http://www.artroot.com,Arts,
http://www.yestalk.org/,Arts,
http://www.artcyclopedia.com/history/hudson-river-school.html,Arts,
http://www.whatsonstage.com/index.php?pg=207&amp;story=e8821213096084,Arts,
http://www.laurathomas.net/,Arts,
http://www.lyricsfree.com/album.php?artistid=324,Arts,
http://www.imdb.com/name/nm0004817/,Arts,
http://www.rosemaryr.com/,Arts,
http://www.geocities.com/riddles_and_rhymes/,Arts,
http://www.glauce.com/,Arts,
http://www.artslynx.org/dance/,Arts,
http://www.harpgate.com/,Arts,
http://drivenout.com,Arts,
http://www.bach-cantatas.com,Arts,
http://us.imdb.com/name/nm0339834/,Arts,
http://www.marylandsymphony.org/,Arts,
http://www.infinitytattoo.com/,Arts,
http://us.imdb.com/title/tt0056937/,Arts,
http://maria_li16.tripod.com/index.html,Arts,
http://www.usatoday.com/life/music/news/2003-10-30-mccartney_x.htm,Arts,
http://www.offbroadwayonline.com/,Arts,
http://www.angelfire.com/anime2/digimonpoke/,Arts,
http://members.tripod.com/sakchaip/bookworm/sunthorn/,Arts,
http://www.jazzmasters.nl/reichenbach.html,Arts,
http://movies.yahoo.com/shop?d=hc&amp;id=1800021137&amp;cf=gen,Arts,
http://www.qtismyangel.freeservers.com/,Arts,
http://www.johnflomer.com/,Arts,
http://www.hohnerusa.com/,Arts,
http://www.theterminal-themovie.com/,Arts,
http://geocities.com/antimanduh/,Arts,
http://www.oberlin.edu/ocpress/books/peret.htm,Arts,
http://www.rollingstone.com/artists/thewaitresses,Arts,
http://www.imdb.com/name/nm0001788/,Arts,
http://www.babykatiemedia.com/texttree/index.php,Arts,
http://mrspdance.com,Arts,
http://www.geocities.com/soho/cafe/8393/,Arts,
http://bjcole.co.uk/,Arts,
http://www.fonztv.nl/,Arts,
http://www.angelfire.com/movies/epii/,Arts,
http://www.kkotfm.com,Arts,
http://www.halcyon.com/piglet/,Arts,
http://www.topicia.com/topic/ukedudes-ukulele-journey,Arts,
http://www.tv.com/little-house-on-the-prairie/show/732/summary.html,Arts,
http://www.ascentaspirations.ca,Arts,
http://us.imdb.com/name/nm0513520/,Arts,
http://all-reviews.com/videos-4/divine-secrets-ya-ya.htm,Arts,
http://indigoarts.com/,Arts,
http://stevenestrella.com/composers/composerfiles/gesualdo1613.html,Arts,
http://4comtech.com/juggalos/,Arts,
http://www.stephencimini.com/,Arts,
http://www.donaldclegg.com,Arts,
http://www.ironlocks.com/illwind/,Arts,
http://catmydog.comicgenesis.com/,Arts,
http://www.geocities.com/nldaae/beautybeast1.html,Arts,
http://www.deewallacestone.com/,Arts,
http://www.hbstudio.org/,Arts,
http://www.intrafunk.com/,Arts,
http://us.imdb.com/title/tt0071970/,Arts,
http://www.liketelevision.com/liketelevision/tuner.php?channel=139&amp;format=movie&amp;theme=guide,Arts,
http://members.tripod.com/darthhoney/,Arts,
http://www.new-classics.co.uk,Arts,
http://www.jdosio.com,Arts,
http://p075.ezboard.com/bvitanispride,Arts,
http://www.timritter.com/,Arts,
http://rogerebert.suntimes.com/apps/pbcs.dll/article?aid=/19920214/reviews/202140304/1023,Arts,
http://www.widemedia.com/fashionuk/fashion/arkadius/arkadius.html,Arts,
http://www.askmen.com/women/singer_150/153_regine_velasquez.html,Arts,
http://www.glasssteelandstone.com/us/oh/newarklongaberger.html,Arts,
http://www.jerrykermode.com,Arts,
http://www.johnbruinsma.nl/gouldman.html,Arts,
http://www.trolleriprofessorn.se/,Arts,
http://www.blackbeers.rdsor.ro/,Arts,
http://www.german.leeds.ac.uk/rwi/2003_04project2/tieckbiography.html,Arts,
http://www.imdb.com/title/tt0329934/,Arts,
http://www.tvguide.com/movies/fall/review/132492,Arts,
http://www.animesoundvision.com,Arts,
http://geocities.com/kathakdance/,Arts,
http://www.tc.umn.edu/~vince004/pinhole.html,Arts,
http://www.geocities.com/shenlong_dbz/,Arts,
http://www.umsl.edu/~smueller/,Arts,
http://www.impulse-music.co.uk/stiles.htm,Arts,
http://www.liamhayesandplush.com/,Arts,
http://home.scarlet.be/waltertje/waltertjes_bestanden/artiesten/zitaswoon.htm,Arts,
http://www.bilgemutlu.com,Arts,
http://www.tvguide.com/movies/three/120302,Arts,
http://www.pinhole-photo.com/,Arts,
http://fan-sites.org/jessalyn-gilsig/,Arts,
http://www.geocities.com/rp_homemade2/,Arts,
http://www.pigstystudio.co.uk/,Arts,
http://www.freewebs.com/bombiebaby/,Arts,
http://www.bernhardgal.com/,Arts,
http://www.tonebone.demon.co.uk/,Arts,
http://www.animedaze.com,Arts,
http://www.press.uchicago.edu/misc/chicago/098710.html,Arts,
http://www.abc26.com,Arts,
http://www.louitucker.com/,Arts,
http://german.about.com/homework/german/library/blhandke.htm,Arts,
http://www.ramonettes.com,Arts,
http://www.alanshapiromusic.net/wildness_and_order_in_ellington.htm,Arts,
http://www.barrymorelive.com,Arts,
http://www.manuelpalos.com/,Business,
http://www.pspf.org/,Business,
http://www.fqnonwovens.com/,Business,
http://www.dholgate.com/,Business,
http://www.jabro-tools.com/,Business,
http://www.greenearthbiotech.com,Business,
http://www.minipancake.com,Business,
http://www.coscofire.com,Business,
http://das.ohio.gov/business.htm,Business,
http://www.newsdesign.com.hk,Business,
http://www.impact-tek.com,Business,
http://www-classes.usc.edu/engr/ms/125/mda125/polymers_files/frame.htm,Business,
http://www.jodaleperry.com/,Business,
http://www.triago.com/,Business,
http://www.icindustries.com/,Business,
http://www.gencosystems.demon.co.uk/,Business,
http://www.catskillcastings.com,Business,
http://www.dispolok.com/,Business,
http://www.alohasoftware.net/,Business,
http://www.pedalhawg.com,Business,
http://www.vichy.com/,Business,
http://www.saujanya.com/,Business,
http://www.dutchconnection.co.uk/,Business,
http://www.investorshelper.com/,Business,
http://www.avery.co.uk,Business,
http://www.apparelworld.org/,Business,
http://www.tasshipping.com.au,Business,
http://www.dartmouth-research.com/,Business,
http://www.gemstarmfg.com/,Business,
http://www.fleetconcepts.com,Business,
http://www.cavitex.es/,Business,
http://www.tollgrade.com/,Business,
http://www.lamichina.com,Business,
http://www.filtermat.nl/sugar-intr.htm,Business,
http://www.riskbasedsolutions.com,Business,
http://abrasiv.ru/ndt/en/index.shtml,Business,
http://www.ili-consult.com,Business,
http://www.barbequeisland.com/,Business,
http://www.ab-valves.com/e/frame.html,Business,
http://www.ozraltd.com/,Business,
http://www.postmastersales.com/,Business,
http://www.sickoftalk.com/,Business,
http://www.franchoice.com/,Business,
http://www.siliconimaging.com,Business,
http://www.crothall.com/,Business,
http://www.clickz.com/experts/author/index.php/60023_all,Business,
http://www.ninthlife.u-net.com/,Business,
http://www.nasoya.com,Business,
http://www.vumcu.org/,Business,
http://www.shamrocksteel.com,Business,
http://www.tri-starmfginc.com,Business,
http://www.goldinvestor.com,Business,
http://www.smartraoptics.com,Business,
http://www.thermopads.com,Business,
http://www.semweb.com/,Business,
http://www.pinnacleind.com,Business,
http://www.aurora.is/,Business,
http://www.pivotpins.com,Business,
http://bloodcandyproductions.netfirms.com/,Business,
http://paramountpower.com,Business,
http://www.trl.co.nz/,Business,
http://www.st.com/,Business,
http://www.timflach.com/,Business,
http://www.beyondmarketingthought.com/,Business,
http://www.scriptlance.com,Business,
http://www.jerishearer.com,Business,
http://www.westernliner.com/,Business,
http://www.helioscavagna.com/,Business,
http://www.navmont.com/,Business,
http://www.leggos.com.au,Business,
http://www.artigianinet.com/vivaaudio/vivaaudio1.html,Business,
http://www.vikingcorp.com/,Business,
http://www.aecon.net/,Business,
http://www.sustainablehomes.com,Business,
http://home.pacbell.net/gamelsky/,Business,
http://www.photosbyjan.com,Business,
http://www.trenttechnology.com/sorghum,Business,
http://www.calcompliance.com,Business,
http://www.henkaline.com,Business,
http://www.3dmirage.com.sg,Business,
http://www.jancrystals.com/,Business,
http://www.treetopscolours.com.au/,Business,
http://www.shahjewna.com/,Business,
http://www.2dimaging.com/,Business,
http://www.atdesigns.com/,Business,
http://www.mayfastener.com/,Business,
http://www.aklehr.com/,Business,
http://www.paulsmith.co.uk/,Business,
http://www.analyticalautomation.com,Business,
http://www.danko.net,Business,
http://www.miccheckproductions.com/,Business,
http://www.pickedbyhand.com/,Business,
http://www.harelandengineering.co.uk/,Business,
http://www.hsd.no/,Business,
http://semiconweb.com,Business,
http://www.agri-systems.com,Business,
http://www.fimcoindustries.com,Business,
http://www.comserv-inc.com,Business,
http://www.bnlac.com/,Business,
http://www.artdept.co.uk,Business,
http://www.swalter.com,Business,
http://www.water-serv.com/,Business,
http://www.thevoicebank.com,Business,
http://www.stotz-usa.com/,Business,
http://www.kemps.com/,Business,
http://www.specializedhomeplans.com/,Business,
http://k-mac-plastics.com,Business,
http://www.gama.cn,Business,
http://www.freewebs.com/medinet_solution/,Business,
http://www.pakistantex.com/,Business,
http://www.agdealer.com/maplefarm,Business,
http://www.creative-editor.com,Business,
http://www.tikigogo.com/,Business,
http://www.vueltausa.com/,Business,
http://www.rigatoumberto.it/,Business,
http://www.thefranchisebuilders.com/,Business,
http://www.twenty2.net/,Business,
http://www.tradetrek.com,Business,
http://www.simmons.com.au,Business,
http://www.smalto.com/,Business,
http://www.g-graphix.de/english/home/index.htm,Computers,
http://cdexos.sourceforge.net/,Computers,
http://domains.quotes.uk.com/,Computers,
http://www.open-std.org/jtc1/sc22/wg21/docs/papers/2006/n1987.htm,Computers,
http://www.ebpml.org,Computers,
http://www.cs.sunysb.edu/~algorith/,Computers,
http://www.owlfish.com/software/talaggregator/,Computers,
http://www.serverautomationtools.com/,Computers,
http://www.triadhosting.com/,Computers,
http://www.kcgsdesign.co.uk/,Computers,
http://www.w3productions.com.au/,Computers,
http://rackview.sourceforge.net,Computers,
http://en.kioskea.net,Computers,
http://home.arcor.de/interplanet/,Computers,
http://www.cialug.org/,Computers,
http://www.ibweb.com/,Computers,
http://www.profitgate.net/,Computers,
http://www.cs.newcastle.edu.au/~lbrankov/,Computers,
http://www.missystems.com/,Computers,
http://www.cs.cmu.edu/afs/cs.cmu.edu/project/cadet/ftp/docs/cadet.html,Computers,
http://www.officeclip.com,Computers,
http://www.daimi.au.dk/~luca/,Computers,
http://www.caz.com.au/,Computers,
http://www.ne.jp/asahi/hana/monogatari/card/card-e.htm,Computers,
http://www.vnetek.com/,Computers,
http://www.theregister.co.uk/2001/06/13/90_windows_5_mac/,Computers,
http://galileo.phys.virginia.edu/classes/551.jvn.fall01/home.html,Computers,
http://www.amaze.nl,Computers,
http://www.reeveconsultants.demon.co.uk/,Computers,
http://www.creativemac.com/downloads/studioartist/index.htm,Computers,
http://www.thinkfixed.com,Computers,
http://www.nxtclub.com/,Computers,
http://www.defence-force.org/computing/demo/scene/next/index.htm,Computers,
http://my.gritwire.com/,Computers,
http://c.webring.com/hub?ring=7856,Computers,
http://www.typo3-unleashed.net/rss.xml,Computers,
http://www.unixreview.com/documents/s=2425/uni1016550801055/,Computers,
http://www.c64web.com/,Computers,
http://www.accurapid.com/journal/23linux.htm,Computers,
http://utter.chaos.org.uk/~pdh/software/extras.htm,Computers,
http://tools.ietf.org/wg/usefor/,Computers,
http://www.puterz.co.uk,Computers,
http://www.mediatek-aei.com/,Computers,
http://www.cs.chalmers.se/~tveldhui/,Computers,
http://www.naffainc.com,Computers,
http://www.shapeways.com/,Computers,
http://www.revenuetoday.com/blog/index.php/feed/,Computers,
http://www.moregroupware.de/,Computers,
http://www.telesoftsystems.ca/64201.html,Computers,
http://bugzilla.gnome.org/,Computers,
http://ralfchat.sourceforge.net/,Computers,
http://www.atelierweb.com/rcomm/index.htm,Computers,
http://a-hw.narod.ru/programs/cnt/scripts/tabkey/index.html,Computers,
http://www.come2mum.com/~cwhere/,Computers,
http://www.offlinedownloader.com,Computers,
http://www.cti.gr/,Computers,
http://liinwww.ira.uka.de/bibliography/ai/genetic.algorithms.html,Computers,
http://www.oxygenxml.com,Computers,
http://www.avatech.ch/,Computers,
http://www.karchan.org/karchan/index.html,Games,
http://www.sega.co.uk/games/?g=490,Games,
http://www.thewordpuzzles.com,Games,
http://sourceforge.net/projects/nintendulator/,Games,
http://www.level80.co.uk/ps2tonyhawksproskater3.htm,Games,
http://www.level80.co.uk/pshexen.htm,Games,
http://www.resortseastchicago.com/,Games,
http://www.schemingmind.com/,Games,
http://www.tristinspage.s5.com/,Games,
http://www.goodhorseracing.com,Games,
http://www.insidemacgames.com/previews/view.php?id=49,Games,
http://gav.sourceforge.net/,Games,
http://www.treinenfarm.com/,Games,
http://www.boardgamegeek.com/viewitem.php3?gameid=692,Games,
http://www.gamezone.com/gzreviews/r15370.htm,Games,
http://www.centralconnector.com/games/aggravation.html,Games,
http://www.nesplayer.com/,Games,
http://home.hetnet.nl/~fam-wehrens/bluewizard/,Games,
http://www.uhs-hints.com/uhsweb/lsl3.php,Games,
http://infocom.elsewhere.org/gallery/hollywood/hollywood.html,Games,
http://www.gamespot.com/pc/strategy/warfrontturningpoint/,Games,
http://www.mobygames.com/game/sheet/gameid62/,Games,
http://www.gameindustry.com/review/item.asp?id=104,Games,
http://www.geocities.com/poetess47/gamerchick.html,Games,
http://www.rpgdreamers.com/kh/,Games,
http://www.geocities.com/chances_are2001/,Games,
http://www.gamespot.com/gamecube/driving/crazytaxi/,Games,
http://www.adventurecollective.com/reviews/gabrielknightiii.htm,Games,
http://www.hawaiiplaytherapy.net/,Health,
http://www.midsar.org/,Health,
http://www.ott.zynet.co.uk/polio/lincolnshire/library/harvest/bromo.html,Health,
http://www.angelfire.com/co2/counseling/,Health,
http://www.gerifit.com,Health,
http://alpharetta.ga.us/index.php?p=67,Health,
http://www.haylevets.co.uk/,Health,
http://www.aboutnewbornscreening.com/,Health,
http://passporthealthusa.com,Health,
http://ohioline.osu.edu/hyg-fact/5000/5564.html,Health,
http://www.alternative-health.com/,Health,
http://www.kobymandell.org/,Health,
http://www.glaucomaindia.com/,Health,
http://www.panicportal.com,Health,
http://www.noseandsinus.com,Health,
http://www.otagopolytechnic.ac.nz/schools-departments/nursing.html,Health,
http://www.tierklinik-teneriffa.com/,Health,
http://www.psa-rising.com/,Health,
http://www.vcaareca.com/,Health,
http://www.hazletonrelayforlife.com,Health,
http://www.dolphinata.com/,Health,
http://schneiderspeech.com,Health,
http://www.philheart.org,Health,
http://www.psychotherapy.com/bio.html,Health,
http://www.sinaigrace.org/sinaigrace/,Health,
http://www.center4ortho.com/,Health,
http://www.appliedmeditation.org/,Health,
http://www.swmconline.com/,Health,
http://www.pikespeakhospice.org/,Health,
http://www.stemc.org/,Health,
http://allrecipes.com/recipe/spanish-potato-salad/detail.aspx,Home,
http://www.quintland.com/,Home,
http://www.boardmanweb.com/party/halloween.htm,Home,
http://www.cactos.com.br/,Home,
http://www.cuisinecapers.com/,Home,
http://www.jeffslife.net/,Home,
http://www.quick-easy-recipes.com/banana_bread_recipes.html,Home,
http://www.recipegal.com/soups/fruitsoup.htm,Home,
http://autos.yahoo.com,Home,
http://www.r3.org/life/medmisc/rose1.html,Home,
http://www.heartofeurope.co.uk/features_recipe.htm,Home,
http://www.pastrywiz.com/archive/category/peach.htm,Home,
http://forums2.gardenweb.com/forums/houseplt/,Home,
http://www.goolsbee.org/,Home,
http://www.prescottaz.com/,News,
http://rosscavins.com/,News,
http://www.guerrillanews.com/,News,
http://www.vermontphotographer.com/,News,
http://www.aroundtheworlds.com/philippines98e.htm,Recreation,
http://www.teamjust4fun.com/,Recreation,
http://www.tequiladonnacho.com/,Recreation,
http://www.fortwelikit.com/,Recreation,
http://www.tenorone.com/,Recreation,
http://angelfire.com/ab4/bunnles,Recreation,
http://www.climb-mountains.com,Recreation,
http://www.garvinshowservices.com,Recreation,
http://www.sasksail.com,Recreation,
http://www.atlaspeak.com/,Recreation,
http://members.tripod.com/fly_by_nite/,Recreation,
http://www.angoras.co.uk,Recreation,
http://www.e-healthypetfood.com/,Recreation,
http://www.xpressweb.com/dog-grooming-school/,Recreation,
http://www.silver-bullet.co.nz/ridesafe,Recreation,
http://autos.yahoo.com/lexus,Recreation,
http://www.kidon.com/smoke/,Recreation,
http://homepage.ntlworld.com/davidjohnbarnes,Recreation,
http://www.tibetanterriers.net/,Recreation,
http://skydive.skysthelimit.net/,Recreation,
http://www.breakawaycamp.org.au/,Recreation,
http://www.arim.org/,Recreation,
http://www.delinie.nl/,Recreation,
http://www.birdcrazy.proboards2.com/index.cgi,Recreation,
http://www.timberlinelake.com,Recreation,
http://clubs.hemmings.com/frameset.cfm?club=texarkaac,Recreation,
http://www.bsatroop379.com/,Recreation,
http://www.nra.org/,Recreation,
http://www.arcom-fishing-hunting.com/,Recreation,
http://www.hikingswitzerland.com/,Recreation,
http://www.bladelinx.com,Recreation,
http://www.scubaemporium.com/,Recreation,
http://www.diamondsranch.org/,Recreation,
http://home.netvigator.com/~ntomyng/dcc900/index.htm,Recreation,
http://www.orwapif.org/,Recreation,
http://www.ncnaonline.org/index2.html,Recreation,
http://www.langskib.com/,Recreation,
http://www.angelfire.com/zine/hellafunny/,Recreation,
http://www.rc-electric-aircraft-info.com,Recreation,
http://www.barharborbrewing.com/,Recreation,
http://www.geocities.com/heartland/meadows/2074/,Recreation,
http://www.castlerockcampark.com,Recreation,
http://members.cox.net/evdesign/,Recreation,
http://www.totalclimbing.com/,Recreation,
http://groups.yahoo.com/group/macissy/,Recreation,
http://bensonsminiatureaussies.com/,Recreation,
http://www.whiskeycreekbeagles.net/,Recreation,
http://www.brookstonbeerbulletin.com/,Recreation,
http://www.catesgarage.com/,Recreation,
http://www.whitewateradventures.com/,Recreation,
http://www.rcuniverse.com/index.cfm,Recreation,
http://www.avonscouts.org.uk/woodhousepark/,Recreation,
http://www.outwardbound.ca/,Recreation,
http://www.geocities.com/libsmartsoftware/,Reference,
http://www.royalscottishacademy.org,Reference,
http://www.cranfield.ac.uk/news,Reference,
http://www.ocm.auburn.edu/,Reference,
http://www.admin.mtu.edu/fm/oshs/,Reference,
http://www.duke.edu/web/fsae/,Reference,
http://www.uwgb.edu/humdev/,Reference,
http://www.acenet.edu/am/template.cfm?section=gedts,Reference,
http://www.gcsv.org/,Reference,
http://rugby.uchicago.edu/,Reference,
http://www.themuleskinner.com/,Reference,
http://www.law.umaryland.edu/marshall/,Reference,
http://www.chstm.manchester.ac.uk/research/nahc/,Reference,
http://www.mbaregis.com/,Reference,
http://www.bris.ac.uk/mecheng/,Reference,
http://www.princeton.edu/~freedom,Reference,
http://www.fas.harvard.edu/~semitic/hsm/cyprushomepage.htm,Reference,
http://govdocs.evergreen.edu/maps.html,Reference,
http://groups.yahoo.com/group/slc-ap-hs/,Reference,
http://www.jskl.edu.my/,Reference,
http://groups.yahoo.com/group/homeschoolinmo/,Reference,
http://www.collectionscanada.gc.ca/,Reference,
http://www.pgparks.com/places/eleganthistoric/montpelier_intro.html,Reference,
http://www.freedict.com/onldict/swe.html,Reference,
http://quattro.me.uiuc.edu/~jon/acajob/academic_job.html,Reference,
http://www.library.uthscsa.edu/,Reference,
http://groups.yahoo.com/group/whatcomyouthhomeschoolgroup/,Reference,
http://www.astc.org/,Reference,
http://www.cmu.edu/commencement/,Reference,
http://www.fastfingerprints.com/,Science,
http://www.angelfire.com/space/shawnamarie/astronomy.html,Science,
http://www.openscience.org/blog/,Science,
http://www.callutheran.edu/academic_programs/departments/biology/wildflowers/des/flowers/fwr-281.htm,Science,
http://goldberg.lbl.gov/,Science,
http://www.maths.bris.ac.uk/,Science,
http://bryophytes.plant.siu.edu/philonotis.html,Science,
http://library.rider.edu/scholarly/rlackie/sci/,Science,
http://www.seaworld.org/animal-info/info-books/walrus/,Science,
http://www.jimsmobile.com/,Science,
http://edis.ifas.ufl.edu/ig066,Science,
http://www.sciencegems.com/,Science,
http://cg05.events.pennnet.com/,Science,
http://www.tubedata.org/,Science,
http://www.quicksandbags.com/,Science,
http://dwardmac.pitzer.edu/anarchist_archives/bookchin/syntheticenviron/osetoc.html,Science,
http://www.ua.es/cmmse2002/,Science,
http://www.cfd.ru,Science,
http://www.econ.mpg.de/,Science,
http://www.museumsofmayo.com/achill_1.htm,Science,
http://www.elsevier.com/locate/issn/09819428,Science,
http://www.bioimages.org.uk/html/t1501.htm,Science,
http://www.native-languages.org/famalg.htm,Science,
http://corpwatch.org/article.php?list=type&amp;type=100,Science,
http://www.microscopy-uk.org.uk/mag/artjan05/mebacteria.html,Science,
http://cryoem.berkeley.edu,Science,
http://www.d-a-instruments.com/,Science,
http://www.businesspathways.com/,Science,
http://groups.yahoo.com/group/henlelatin/,Science,
http://ip30.eti.uva.nl/bis/flora.php?selected=beschrijving&amp;menuentry=soorten&amp;id=3454,Science,
http://www.foodnavigator-usa.com/science-nutrition/us-lab-develops-sudan-red-test,Science,
http://www.ecliptomaniacs.com/,Science,
http://www.stpnoc.com/,Science,
http://fusedweb.llnl.gov/glossary/glossary.html,Science,
http://record.wustl.edu/archive/1996/02-15-96/2767.html,Science,
http://ip30.eti.uva.nl/bis/flora.php?selected=beschrijving&amp;menuentry=soorten&amp;id=1610,Science,
http://acsnanotation.org,Science,
http://www.redasoft.com/,Science,
http://www.bioinformaticssolutions.com,Science,
http://www.owlnet.rice.edu/~ling215/newwords/,Science,
http://lib.upm.edu.my/iisesis.html,Science,
http://www.stir.ac.uk/departments/humansciences/psychology/,Science,
http://creatures.ifas.ufl.edu/misc/walkingstick.htm,Science,
http://www.shoenerenvironmental.com,Science,
http://www.atto.com/,Science,
http://www-wfau.roe.ac.uk/sss/,Science,
http://my.net-link.net/~vaneselk/muskrat/,Science,
http://www.dmg.tuwien.ac.at/drmota/,Science,
http://www.microlc.com/,Science,
http://www.mobot.org/gradstudents/olson/moringahome.html,Science,
http://journals.impan.gov.pl/bc/,Science,
http://mathnt.mat.jhu.edu/jami/jami2003/default.htm,Science,
http://www.vkrt.org/,Science,
http://www.oasisglobal.net,Science,
http://www.agroatlas.spb.ru/pests/zeuzera_pyrina_en.htm,Science,
http://www.fantasticplants.com/,Shopping,
http://www.adirondackantlers.com/,Shopping,
http://www.sweetasyouplease.com/,Shopping,
http://www.hippychick.com/,Shopping,
http://www.chemicalreactiondiet.com,Shopping,
http://www.chimayotogo.com/,Shopping,
http://www.raintreenursery.com,Shopping,
http://www.coloradokayak.com,Shopping,
http://www.ronsonic.com/,Shopping,
http://www.spectraphotovideo.com/,Shopping,
http://www.coastalprezence.com/,Shopping,
http://www.waxes.co.uk/,Shopping,
http://www.overspeedmotorsports.com,Shopping,
http://www.brendaboylan.com,Shopping,
http://www.carolharrisco.com,Shopping,
http://www.artwooddesigns.com/,Shopping,
http://www.pullinarchery.com,Shopping,
http://www.towermint.co.uk/,Shopping,
http://acerubberstamps.com,Shopping,
http://www.diecastmodelcars.com/,Shopping,
http://streambankgardens.com,Shopping,
http://www.giovaniolio.it/,Shopping,
http://home.att.net/~visions.sculpt/,Shopping,
http://www.wyliefinewines.co.uk/,Shopping,
http://www.isska.ch/bbs/,Shopping,
http://www.hibiki-an.com/,Shopping,
http://www.kicknbrass.com,Shopping,
http://www.rudolphfoods.com/store.htm,Shopping,
http://www.dpam.com/,Shopping,
http://www.cochiseleather.com,Shopping,
http://gtdecorations.com,Shopping,
http://rkeepsakes.com,Shopping,
http://www.weframeit.com,Shopping,
http://www.pineridgegardens.com,Shopping,
http://www.primemarinesupply.com/,Shopping,
http://www.alien-technology.com/,Shopping,
http://www.woundedwarriorointment.com/,Shopping,
http://members.tripod.com/designers_dolls/,Shopping,
http://www.witsendmosaic.com/,Shopping,
http://www.fatdogvintagesalvage.com,Shopping,
http://www.coincraft.com/,Shopping,
http://www.rowalden.com/,Shopping,
http://www.head-lite.com,Shopping,
http://www.benandrewsfurniture.com,Shopping,
http://www.americanpartsdepot.com/,Shopping,
http://www.kentdarwinarts.com/,Shopping,
http://fossilrocks.homestead.com/mypage.html,Shopping,
http://www.mastersport.co.uk,Shopping,
http://ambassadors.net/archives/issue8/opinions_nuclear.htm,Society,
http://www.time.com/time/time100/johnson_chat.html,Society,
http://www.ruthschapel.com/,Society,
http://www.bu.edu/wcp/papers/logi/logikatr.htm,Society,
http://www.tribalpages.com/tribes/littlejm,Society,
http://www.religioustolerance.org/,Society,
http://www.newadvent.org/cathen/01101e.htm,Society,
http://www.angelfire.com/fl2/omegapearls/index.html,Society,
http://www.qaronline.org/,Society,
http://www.angelfire.com/magic/tables/,Society,
http://www.ufopsi.com/,Society,
http://www.ebible.org/,Society,
http://www.cin.org/chaborro.html,Society,
http://www.goldbergsagerandassociates.com,Society,
http://www.eberlefisherfuneralhome.com,Society,
http://www.newadvent.org/cathen/15644b.htm,Society,
http://www.npr.org/templates/story/story.php?storyid=4224213,Society,
http://music.yahoo.com/launchcast/stations/station.asp?i=407,Society,
http://www.ncat.edu/~alphamu/,Society,
http://www.bcr-dc.com/,Society,
http://www.sppsr.ucla.edu/cgpr/,Society,
http://www.alamedayogastation.com/,Society,
http://lorrie.cranor.org/voting/hotlist.html,Society,
http://www.crystalcreekgardens.com/,Society,
http://www.iscfc.emich.edu/,Society,
http://www.nyscasa.org,Society,
http://www.nbrb.by/,Society,
http://www.icj.org/,Society,
http://www.boudicca.de/teut.htm,Society,
http://www.spridget.freeserve.co.uk/,Society,
http://www.mission.net/england/bristol/,Society,
http://groups.yahoo.com/group/luftwaffe_eagles/,Society,
http://www.tennessee-scv.org/longstreet/index.htm,Society,
http://www.nmcfarl.org/nathan/,Society,
http://www.psbi.org/site/pageserver,Society,
http://www.angelfire.com/alt/franleolaurila/index.html,Society,
http://www.hotelskerala.com/keralam/vaikom/index1.htm,Society,
http://www.egao.com.mx,Society,
http://teresa0307.lionwap.org/,Society,
http://julianspriggs.com,Society,
http://www.stmarychurchaberfoyle.org.uk/,Society,
http://www.jcs.co.uk,Society,
http://www.canadiana.org/eco/mtq?id=6ab6b8ffba&amp;doc=07363,Society,
http://www.thetaskforce.org/,Society,
http://www.sherwood-group.com/,Society,
http://www.cybertrucker.co.uk,Society,
http://www.campaignexxonmobil.org/,Society,
http://www.pigdog.org/auto/jabber_streams/shortfeature/606.html,Society,
http://www.geocities.com/dershnork/,Society,
http://www.tablerlaw.com,Society,
http://www.kb.nl/kb/manuscripts/introduction/introduction5.html,Society,
http://www.choosetheheart.com/,Society,
http://www.stfrancisonline.org/,Society,
http://www.northernfaction.com/,Society,
http://www.menloparkpolice.org/,Society,
http://www.newadvent.org/cathen/04017a.htm,Society,
http://www.thebridgearp.org/,Society,
http://www.watl.org/,Society,
http://www.ncbi.nlm.nih.gov/entrez/query.fcgi?cmd=retrieve&amp;db=pubmed&amp;list_uids=8445675&amp;dopt=abstract,Society,
http://sklaroff.globalink.org/homepage-tobacco.html,Society,
http://www.ralf.franciszkanie.pl/tanzan/inengl/e-index.htm,Society,
http://fstav.50megs.com/emperors2.html,Society,
http://www.blupete.com/literature/essays/hazlitt/spiritage/godwin.htm,Society,
http://www.queenmother.org/,Society,
http://grahammercer.com.au/,Society,
http://www.taiwaneseny.com/,Society,
http://www.sacredsites.com/asia/india/srisailam_shakti_pitha.html,Society,
http://www.newadvent.org/cathen/04094a.htm,Society,
http://www.huron4deps.com/,Society,
http://www.hark.net.au/tarot.htm,Society,
http://www.joeventures.com/,Society,
http://www.preparingtheway.org/,Society,
http://plato.stanford.edu/entries/skepticism-ancient/,Society,
http://zograff.tripod.com,Society,
http://zapatopi.net/afdb.html,Society,
http://www.ramonamun.org,Society,
http://www.markedbyfaith.blogspot.com/,Society,
http://www.pcusa.org/pcnews/index.htm,Society,
http://www.whsmpa.com/,Society,
http://www.mfcf.org/,Society,
http://www.roseministry.org,Society,
http://www.newadvent.org/cathen/06334a.htm,Society,
http://en.wikipedia.org/wiki/irish_republican_army,Society,
http://www.healing-from-the-cosmos.com,Society,
http://www.iep.utm.edu/a/activepo.htm,Society,
http://www.stanthonys.net/,Society,
http://www.pogolaw.com/,Society,
http://www.uucsra.org/,Society,
http://www.users.zetnet.co.uk/pcrrn/wordlord/,Society,
http://www.bartleby.com/124/pres45.html,Society,
http://www.greenaction.org/wardvalley/index.shtml,Society,
http://oregonstate.edu/instruct/phl302/philosophers/elisabeth.html,Society,
http://www.newadvent.org/cathen/13191b.htm,Society,
http://www.ronald.mcneil2.btinternet.co.uk/,Society,
http://spiritualistchurch.com.au/,Society,
http://www.gbgm-umc.org/lakebradyumc,Society,
http://www.billybear4kids.com/holidays/christmas/advent/advent4.htm,Society,
http://www.bradyfallon.com/,Society,
http://www.awod.com/gallery/probono/cwchas/ironclad63main.html,Society,
http://international.metropolis.net/,Society,
http://www.munckbutrus.com/,Society,
http://www.gmwp.org/lodges/753.html,Society,
http://www.newadvent.org/cathen/14291a.htm,Society,
http://www.acumenfund.org/,Society,
http://www.hrc.co.nz/,Society,
http://lists.rootsweb.ancestry.com/index/other/religion/menno-roots.html,Society,
http://www.kbfbc.org/,Society,
http://www.stcatharinechurch.org/,Society,
http://www.tcob.com/,Society,
http://www.nunomira.com/,Society,
http://www.murs.com.ua/en/,Society,
http://meaty.bravehost.com/,Society,
http://www.torah.org/learning/yomtov/shavuos/vol2no14.html,Society,
http://www.ldsoilvials.com/,Society,
http://www.tucsonymca.org/,Society,
http://www.geocities.com/marlene+jo/,Society,
http://www.hollischaseassociates.com/,Society,
http://www.mevaseret.org/mmy,Society,
http://www.newadvent.org/cathen/11362b.htm,Society,
http://madame.faithweb.com/blackmagic.html,Society,
http://www.seemyaccount.com/558thfab/,Society,
http://www.schauerlaw.com/,Society,
http://uk.eurosport.yahoo.com/football/everton/index.html,Sports,
http://www.leandersc.com/,Sports,
http://www.pschs.org/,Sports,
http://www.mbabike.com/,Sports,
http://www.sport-horses.org/showjumping/sais.shtml,Sports,
http://www.freewebs.com/stranloneyoungman/,Sports,
http://www.wilmellaw.com/displaypage.php?menuitemid=6021,Sports,
http://tourbc.net/,Sports,
http://www.wingchundo.com/,Sports,
http://www.bigairandbumps.com/,Sports,
http://en.wikipedia.org/wiki/2004_summer_olympics,Sports,
http://www.tommie.pwp.blueyonder.co.uk/,Sports,
http://www.transcendmagazine.com,Sports,
http://www.academyjkd.com,Sports,
http://www.bootfitters.com,Sports,
http://www.bentley.edu/athletics/varsity_sports/w-tennis/index.cfm,Sports,
http://www.usatoday.com/sports/basketba/skw/swac/skwv08.htm,Sports,
http://www.nhl.com/,Sports,
http://www.squashbc.com/,Sports,
http://www.raiders.com/raiderettes/,Sports,
http://gothamhill.com/,Sports,
http://www.shootersmma.com/,Sports,
http://www.geocities.com/kahjoo_chua/,Sports,
http://athletics.kenyon.edu/x493.xml,Sports,
http://aauboysbasketball.org,Sports,
http://www.valeoflune.co.uk/,Sports,
http://www.slsa.sa.gov.au/bradman/,Sports,
http://www.forum.soccerstat.net/,Sports,
http://www.leuvenlions.be/,Sports,
http://home.hiwaay.net/~erobison/,Sports,
http://www.amoss1.freeserve.co.uk/,Sports,
http://www.winetoursbybike.co.nz/,Sports,
http://brownsqh.com/,Sports,
http://www.hillside.com.tr,Sports,
http://www.innertalk.com/sports.html,Sports,
http://www.freewebs.com/jaromirjagr/,Sports,
http://www.elhysa.org,Sports,
http://www.reading-cygnets.org/,Sports,
http://www.nylandequestrian.com/,Sports,
http://www.colorado.edu/studentgroups/womensicehockey/,Sports,
http://www.giftofstrength.com/angelahaynes--main.htm,Sports,
http://home1.gte.net/eyes2020/hmgreyhounds.htm,Sports,
http://www.dagenhamandredbridge-mad.co.uk/,Sports,
http://www.nuneatonrugby.co.uk/,Sports,
http://bohemianscc.hitscricket.com/home/default.aspx,Sports,
http://www.falcons99.com/,Sports,
http://www.inthecrease.co.uk/,Sports,
http://www.fchd.info/burscoug.htm,Sports,
http://archoops.com,Sports,
http://www.kstatesports.com/sportselect.dbml?db_oem_id=400&amp;key=&amp;spid=220&amp;spsid=3194,Sports,
http://aasupirates.com/sports/mbkb/index,Sports,
